State,Five-Year Age Groups,Deaths,Population,Crude Rate
Alabama,0-24,10673,1191325,895.89
Alabama,0-24,1845,4765901,38.71
Alabama,0-24,1139,6103943,18.66
Alabama,0-24,1420,6371391,22.29
Alabama,0-24,5256,6557289,80.16
Alabama,0-24,8640,6625513,130.4
Alabama,25-34,9145,6159823,148.46
Alabama,25-34,10694,6008487,177.98
Alabama,35-44,14335,6190491,231.56
Alabama,35-44,21004,6442410,326.03
Alabama,45-54,31269,6582937,475
Alabama,45-54,44750,6467874,691.88
Alabama,55+,59251,5922298,1000.47
Alabama,55+,72030,5082210,1417.3
Alabama,55+,85377,4203933,2030.88
Alabama,55+,100908,3324196,3035.56
Alabama,55+,118751,2530145,4693.45
Alabama,55+,132499,1747785,7580.97
Alabama,55+,123030,Not Applicable,Not Applicable
Alabama,55+,80132,Not Applicable,Not Applicable
Alabama,55+,29771,Not Applicable,Not Applicable
Alabama,55+,6480,Not Applicable,Not Applicable
Alabama,N/A,20,Not Applicable,Not Applicable
Alaska,0-24,1295,210997,613.75
Alaska,0-24,334,818032,40.83
Alaska,0-24,181,1015988,17.82
Alaska,0-24,308,1052327,29.27
Alaska,0-24,927,1027873,90.19
Alaska,0-24,1408,1057889,133.1
Alaska,25-34,1470,1040584,141.27
Alaska,25-34,1511,984507,153.48
Alaska,35-44,1868,968375,192.9
Alaska,35-44,2453,998581,245.65
Alaska,45-54,3605,1043588,345.44
Alaska,45-54,4832,1009728,478.54
Alaska,55+,5882,866465,678.85
Alaska,55+,6274,643328,975.24
Alaska,55+,6497,431473,1505.77
Alaska,55+,6960,281742,2470.35
Alaska,55+,7309,183567,3981.65
Alaska,55+,7418,112693,6582.49
Alaska,55+,6201,Not Applicable,Not Applicable
Alaska,55+,3871,Not Applicable,Not Applicable
Alaska,55+,1341,Not Applicable,Not Applicable
Alaska,55+,290,Not Applicable,Not Applicable
Arizona,0-24,11073,1740660,636.14
Arizona,0-24,2412,6927238,34.82
Arizona,0-24,1202,8567346,14.03
Arizona,0-24,1570,8680769,18.09
Arizona,0-24,5697,8626691,66.04
Arizona,0-24,9244,8765548,105.46
Arizona,25-34,9873,8676341,113.79
Arizona,25-34,11059,8267361,133.77
Arizona,35-44,13880,8199350,169.28
Arizona,35-44,19244,8151316,236.08
Arizona,45-54,28050,7961501,352.32
Arizona,45-54,38662,7646413,505.62
Arizona,55+,50647,7068568,716.51
Arizona,55+,63735,6303066,1011.17
Arizona,55+,78006,5522570,1412.49
Arizona,55+,95737,4498018,2128.43
Arizona,55+,116652,3423069,3407.82
Arizona,55+,134827,2347722,5742.89
Arizona,55+,132036,Not Applicable,Not Applicable
Arizona,55+,90151,Not Applicable,Not Applicable
Arizona,55+,34286,Not Applicable,Not Applicable
Arizona,55+,6512,Not Applicable,Not Applicable
Arizona,N/A,592,Not Applicable,Not Applicable
Arkansas,0-24,6061,760410,797.07
Arkansas,0-24,1257,3045785,41.27
Arkansas,0-24,728,3838489,18.97
Arkansas,0-24,904,3925984,23.03
Arkansas,0-24,3157,3969114,79.54
Arkansas,0-24,4806,3973054,120.96
Arkansas,25-34,5226,3784885,138.08
Arkansas,25-34,6085,3646574,166.87
Arkansas,35-44,8033,3717839,216.07
Arkansas,35-44,11750,3799043,309.29
Arkansas,45-54,17568,3845355,456.86
Arkansas,45-54,25521,3787858,673.76
Arkansas,55+,34260,3516511,974.26
Arkansas,55+,42582,3082957,1381.21
Arkansas,55+,51238,2610374,1962.86
Arkansas,55+,60791,2083638,2917.54
Arkansas,55+,71863,1600066,4491.25
Arkansas,55+,81308,1124961,7227.63
Arkansas,55+,76935,Not Applicable,Not Applicable
Arkansas,55+,52765,Not Applicable,Not Applicable
Arkansas,55+,20641,Not Applicable,Not Applicable
Arkansas,55+,4394,Not Applicable,Not Applicable
Arkansas,N/A,16,Not Applicable,Not Applicable
California,0-24,50857,10129433,502.07
California,0-24,9295,40201157,23.12
California,0-24,5676,50679686,11.2
California,0-24,7202,52390982,13.75
California,0-24,25126,52771591,47.61
California,0-24,40638,53939163,75.34
California,25-34,41784,55009532,75.96
California,25-34,47497,53746405,88.37
California,35-44,63727,53321218,119.52
California,35-44,94231,52951622,177.96
California,45-54,143806,51474566,279.37
California,45-54,203562,48038407,423.75
California,55+,262189,41761099,627.83
California,55+,312266,33761727,924.91
California,55+,360544,26496878,1360.7
California,55+,436361,20587160,2119.58
California,55+,556198,16172070,3439.25
California,55+,683883,11896531,5748.59
California,55+,711000,Not Applicable,Not Applicable
California,55+,523600,Not Applicable,Not Applicable
California,55+,216635,Not Applicable,Not Applicable
California,55+,47096,Not Applicable,Not Applicable
California,N/A,897,Not Applicable,Not Applicable
Colorado,0-24,7539,1323557,569.6
Colorado,0-24,1379,5270537,26.16
Colorado,0-24,794,6620984,11.99
Colorado,0-24,1148,6695007,17.15
Colorado,0-24,3863,6713683,57.54
Colorado,0-24,6157,7013128,87.79
Colorado,25-34,6874,7370156,93.27
Colorado,25-34,7769,7333490,105.94
Colorado,35-44,9783,7214395,135.6
Colorado,35-44,14014,7234166,193.72
Colorado,45-54,20275,7172296,282.68
Colorado,45-54,27714,6828428,405.86
Colorado,55+,35440,6020646,588.64
Colorado,55+,42312,4852393,871.98
Colorado,55+,48108,3701337,1299.75
Colorado,55+,57018,2707656,2105.81
Colorado,55+,71468,1995200,3582
Colorado,55+,86669,1418274,6110.88
Colorado,55+,91133,Not Applicable,Not Applicable
Colorado,55+,66514,Not Applicable,Not Applicable
Colorado,55+,26600,Not Applicable,Not Applicable
Colorado,55+,5282,Not Applicable,Not Applicable
Colorado,N/A,34,Not Applicable,Not Applicable
Connecticut,0-24,4383,782720,559.97
Connecticut,0-24,573,3281729,17.46
Connecticut,0-24,448,4447842,10.07
Connecticut,0-24,524,4779287,10.96
Connecticut,0-24,1850,4880708,37.9
Connecticut,0-24,3493,4400047,79.39
Connecticut,25-34,3756,4162692,90.23
Connecticut,25-34,4304,4440264,96.93
Connecticut,35-44,6182,4825954,128.1
Connecticut,35-44,9333,5245666,177.92
Connecticut,45-54,14418,5428019,265.62
Connecticut,45-54,20409,5244605,389.14
Connecticut,55+,26574,4648479,571.67
Connecticut,55+,32278,3745703,861.73
Connecticut,55+,38494,2923712,1316.61
Connecticut,55+,49776,2332527,2133.99
Connecticut,55+,66896,1905722,3510.27
Connecticut,55+,88952,1509079,5894.46
Connecticut,55+,100348,Not Applicable,Not Applicable
Connecticut,55+,78583,Not Applicable,Not Applicable
Connecticut,55+,34540,Not Applicable,Not Applicable
Connecticut,55+,7713,Not Applicable,Not Applicable
Connecticut,N/A,41,Not Applicable,Not Applicable
Delaware,0-24,1816,219858,825.99
Delaware,0-24,237,873538,27.13
Delaware,0-24,141,1104575,12.77
Delaware,0-24,176,1145319,15.37
Delaware,0-24,678,1211200,55.98
Delaware,0-24,1122,1193508,94.01
Delaware,25-34,1393,1162851,119.79
Delaware,25-34,1513,1121764,134.88
Delaware,35-44,2068,1164815,177.54
Delaware,35-44,3118,1212904,257.07
Delaware,45-54,4585,1244884,368.31
Delaware,45-54,6603,1214815,543.54
Delaware,55+,8415,1113823,755.51
Delaware,55+,10200,975681,1045.42
Delaware,55+,12762,830028,1537.54
Delaware,55+,15567,655119,2376.21
Delaware,55+,19174,489976,3913.25
Delaware,55+,22003,338761,6495.14
Delaware,55+,21424,Not Applicable,Not Applicable
Delaware,55+,14584,Not Applicable,Not Applicable
Delaware,55+,5796,Not Applicable,Not Applicable
Delaware,55+,1215,Not Applicable,Not Applicable
Delaware,N/A,16,Not Applicable,Not Applicable
District of Columbia,0-24,1700,160716,1057.77
District of Columbia,0-24,188,562571,33.42
District of Columbia,0-24,118,608635,19.39
District of Columbia,0-24,121,568170,21.3
District of Columbia,0-24,671,765318,87.68
District of Columbia,0-24,1220,1120267,108.9
District of Columbia,25-34,1350,1313350,102.79
District of Columbia,25-34,1503,1179778,127.4
District of Columbia,35-44,2091,949564,220.21
District of Columbia,35-44,3012,811613,371.11
District of Columbia,45-54,4465,771437,578.79
District of Columbia,45-54,6307,744001,847.71
District of Columbia,55+,7513,672203,1117.67
District of Columbia,55+,8101,562155,1441.06
District of Columbia,55+,8484,434268,1953.63
District of Columbia,55+,9229,332722,2773.79
District of Columbia,55+,10746,262390,4095.43
District of Columbia,55+,11759,196968,5970.01
District of Columbia,55+,11783,Not Applicable,Not Applicable
District of Columbia,55+,8543,Not Applicable,Not Applicable
District of Columbia,55+,3960,Not Applicable,Not Applicable
District of Columbia,55+,1190,Not Applicable,Not Applicable
District of Columbia,N/A,75,Not Applicable,Not Applicable
Florida,0-24,29460,4255925,692.21
Florida,0-24,5703,16934794,33.68
Florida,0-24,2910,21471036,13.55
Florida,0-24,3694,22655240,16.31
Florida,0-24,13774,23177020,59.43
Florida,0-24,24532,23604490,103.93
Florida,25-34,27348,23407259,116.84
Florida,25-34,31479,23186898,135.76
Florida,35-44,41990,24300508,172.79
Florida,35-44,61844,25529093,242.25
Florida,45-54,94178,25895782,363.68
Florida,45-54,134994,25135088,537.07
Florida,55+,178346,23274354,766.28
Florida,55+,220643,21049632,1048.2
Florida,55+,271386,19070023,1423.1
Florida,55+,342527,16343162,2095.84
Florida,55+,434674,13143322,3307.19
Florida,55+,523232,9498147,5508.78
Florida,55+,532150,Not Applicable,Not Applicable
Florida,55+,380909,Not Applicable,Not Applicable
Florida,55+,152528,Not Applicable,Not Applicable
Florida,55+,31488,Not Applicable,Not Applicable
Florida,N/A,396,Not Applicable,Not Applicable
Georgia,0-24,20908,2645423,790.35
Georgia,0-24,3427,10525544,32.56
Georgia,0-24,2007,13244257,15.15
Georgia,0-24,2463,13539037,18.19
Georgia,0-24,8276,13485293,61.37
Georgia,0-24,13347,13486925,98.96
Georgia,25-34,14949,13450271,111.14
Georgia,25-34,17466,13469872,129.67
Georgia,35-44,23246,13784888,168.63
Georgia,35-44,34204,13856704,246.84
Georgia,45-54,50608,13469134,375.73
Georgia,45-54,72388,12537674,577.36
Georgia,55+,93963,10904609,861.68
Georgia,55+,111609,8894250,1254.84
Georgia,55+,127203,7004373,1816.05
Georgia,55+,144714,5204456,2780.58
Georgia,55+,164817,3760753,4382.55
Georgia,55+,182750,2553993,7155.46
Georgia,55+,171268,Not Applicable,Not Applicable
Georgia,55+,115267,Not Applicable,Not Applicable
Georgia,55+,43311,Not Applicable,Not Applicable
Georgia,55+,9103,Not Applicable,Not Applicable
Georgia,N/A,64,Not Applicable,Not Applicable
Hawaii,0-24,2251,355147,633.82
Hawaii,0-24,334,1358695,24.58
Hawaii,0-24,179,1651706,10.84
Hawaii,0-24,219,1670547,13.11
Hawaii,0-24,728,1647391,44.19
Hawaii,0-24,1261,1910781,65.99
Hawaii,25-34,1348,1914887,70.4
Hawaii,25-34,1657,1819995,91.04
Hawaii,35-44,2325,1804365,128.85
Hawaii,35-44,3386,1809190,187.16
Hawaii,45-54,5443,1837389,296.24
Hawaii,45-54,7774,1821186,426.86
Hawaii,55+,10404,1686557,616.88
Hawaii,55+,12757,1437202,887.63
Hawaii,55+,14791,1171104,1263
Hawaii,55+,17158,921148,1862.68
Hawaii,55+,21663,727438,2977.99
Hawaii,55+,26515,552440,4799.62
Hawaii,55+,29363,Not Applicable,Not Applicable
Hawaii,55+,23007,Not Applicable,Not Applicable
Hawaii,55+,10132,Not Applicable,Not Applicable
Hawaii,55+,2386,Not Applicable,Not Applicable
Hawaii,N/A,17,Not Applicable,Not Applicable
Idaho,0-24,2626,448547,585.45
Idaho,0-24,516,1792356,28.79
Idaho,0-24,308,2275305,13.54
Idaho,0-24,487,2310037,21.08
Idaho,0-24,1461,2296519,63.62
Idaho,0-24,1907,2147781,88.79
Idaho,25-34,1823,2009720,90.71
Idaho,25-34,2005,1963092,102.13
Idaho,35-44,2807,1957336,143.41
Idaho,35-44,3798,1962937,193.49
Idaho,45-54,5727,1979593,289.3
Idaho,45-54,8290,1933748,428.7
Idaho,55+,11071,1779011,622.31
Idaho,55+,14533,1527148,951.64
Idaho,55+,17747,1245475,1424.92
Idaho,55+,21674,954089,2271.7
Idaho,55+,27513,714159,3852.5
Idaho,55+,32616,508657,6412.18
Idaho,55+,34494,Not Applicable,Not Applicable
Idaho,55+,25278,Not Applicable,Not Applicable
Idaho,55+,9885,Not Applicable,Not Applicable
Idaho,55+,1872,Not Applicable,Not Applicable
Illinois,0-24,23893,3311331,721.55
Illinois,0-24,3513,13355734,26.3
Illinois,0-24,2059,17087536,12.05
Illinois,0-24,2756,17680592,15.59
Illinois,0-24,10383,17828387,58.24
Illinois,0-24,16335,17588898,92.87
Illinois,25-34,16907,17764604,95.17
Illinois,25-34,19091,17713368,107.78
Illinois,35-44,24773,17754140,139.53
Illinois,35-44,36890,18031780,204.58
Illinois,45-54,56776,18008108,315.28
Illinois,45-54,81817,17229179,474.87
Illinois,55+,109354,15263197,716.46
Illinois,55+,133493,12479533,1069.7
Illinois,55+,158255,9812723,1612.75
Illinois,55+,196041,7725525,2537.58
Illinois,55+,247093,6167188,4006.57
Illinois,55+,299687,4613327,6496.11
Illinois,55+,310696,Not Applicable,Not Applicable
Illinois,55+,227419,Not Applicable,Not Applicable
Illinois,55+,94155,Not Applicable,Not Applicable
Illinois,55+,20433,Not Applicable,Not Applicable
Illinois,N/A,117,Not Applicable,Not Applicable
Indiana,0-24,12841,1691954,758.94
Indiana,0-24,2216,6833355,32.43
Indiana,0-24,1346,8761123,15.36
Indiana,0-24,1597,9010078,17.72
Indiana,0-24,5764,9228786,62.46
Indiana,0-24,8910,9155851,97.31
Indiana,25-34,9808,8342687,117.56
Indiana,25-34,11055,8308217,133.06
Indiana,35-44,14425,8578522,168.15
Indiana,35-44,21223,8888088,238.78
Indiana,45-54,32713,9025898,362.43
Indiana,45-54,47626,8759826,543.69
Indiana,55+,62901,7869793,799.27
Indiana,55+,78818,6531130,1206.8
Indiana,55+,93779,5188582,1807.41
Indiana,55+,115235,4074519,2828.19
Indiana,55+,142127,3213991,4422.13
Indiana,55+,165544,2347928,7050.64
Indiana,55+,164270,Not Applicable,Not Applicable
Indiana,55+,115360,Not Applicable,Not Applicable
Indiana,55+,45793,Not Applicable,Not Applicable
Indiana,55+,9586,Not Applicable,Not Applicable
Indiana,N/A,39,Not Applicable,Not Applicable
Iowa,0-24,4064,774636,524.63
Iowa,0-24,834,3116304,26.76
Iowa,0-24,539,3989953,13.51
Iowa,0-24,677,4112245,16.46
Iowa,0-24,2254,4378051,51.48
Iowa,0-24,2969,4379854,67.79
Iowa,25-34,2920,3717053,78.56
Iowa,25-34,3435,3755089,91.48
Iowa,35-44,4709,3815056,123.43
Iowa,35-44,7385,3996861,184.77
Iowa,45-54,11648,4166562,279.56
Iowa,45-54,17976,4134369,434.79
Iowa,55+,24297,3766520,645.08
Iowa,55+,31290,3176635,985
Iowa,55+,39145,2571377,1522.34
Iowa,55+,50163,2098092,2390.89
Iowa,55+,66260,1755619,3774.17
Iowa,55+,86124,1379968,6241.01
Iowa,55+,95037,Not Applicable,Not Applicable
Iowa,55+,74694,Not Applicable,Not Applicable
Iowa,55+,33783,Not Applicable,Not Applicable
Iowa,55+,7964,Not Applicable,Not Applicable
Kansas,0-24,5342,783732,681.61
Kansas,0-24,1015,3128584,32.44
Kansas,0-24,559,3946298,14.17
Kansas,0-24,749,3999946,18.73
Kansas,0-24,2503,4113419,60.85
Kansas,0-24,3765,4165094,90.39
Kansas,25-34,3674,3656081,100.49
Kansas,25-34,3976,3639663,109.24
Kansas,35-44,5307,3636732,145.93
Kansas,35-44,7879,3736840,210.85
Kansas,45-54,12411,3833662,323.74
Kansas,45-54,18145,3747880,484.14
Kansas,55+,24171,3362703,718.8
Kansas,55+,30273,2773392,1091.55
Kansas,55+,35862,2204141,1627.03
Kansas,55+,44617,1761783,2532.49
Kansas,55+,58272,1448337,4023.37
Kansas,55+,73435,1120142,6555.87
Kansas,55+,78747,Not Applicable,Not Applicable
Kansas,55+,60479,Not Applicable,Not Applicable
Kansas,55+,26263,Not Applicable,Not Applicable
Kansas,55+,6018,Not Applicable,Not Applicable
Kansas,N/A,10,Not Applicable,Not Applicable
Kentucky,0-24,7592,1101880,689
Kentucky,0-24,1427,4392539,32.49
Kentucky,0-24,858,5558537,15.44
Kentucky,0-24,1115,5684448,19.61
Kentucky,0-24,3916,5774435,67.82
Kentucky,0-24,6304,5970087,105.59
Kentucky,25-34,7714,5652346,136.47
Kentucky,25-34,9458,5631274,167.95
Kentucky,35-44,12445,5823407,213.71
Kentucky,35-44,18033,6012667,299.92
Kentucky,45-54,26907,6128893,439.02
Kentucky,45-54,38936,5985713,650.48
Kentucky,55+,51459,5428897,947.87
Kentucky,55+,63385,4604389,1376.62
Kentucky,55+,76375,3719683,2053.27
Kentucky,55+,89982,2885568,3118.35
Kentucky,55+,105332,2192575,4804.03
Kentucky,55+,115063,1528328,7528.68
Kentucky,55+,108754,Not Applicable,Not Applicable
Kentucky,55+,72284,Not Applicable,Not Applicable
Kentucky,55+,26757,Not Applicable,Not Applicable
Kentucky,55+,5454,Not Applicable,Not Applicable
Kentucky,N/A,24,Not Applicable,Not Applicable
Louisiana,0-24,11247,1256025,895.44
Louisiana,0-24,2228,4993639,44.62
Louisiana,0-24,1214,6225266,19.5
Louisiana,0-24,1553,6399761,24.27
Louisiana,0-24,5515,6572274,83.91
Louisiana,0-24,9328,6789602,137.39
Louisiana,25-34,10012,6398812,156.47
Louisiana,25-34,11160,6061434,184.11
Louisiana,35-44,13995,5998115,233.32
Louisiana,35-44,19646,6129369,320.52
Louisiana,45-54,29095,6277439,463.49
Louisiana,45-54,41874,6134828,682.56
Louisiana,55+,54919,5519577,994.99
Louisiana,55+,64018,4581879,1397.2
Louisiana,55+,72815,3646048,1997.09
Louisiana,55+,85789,2839147,3021.65
Louisiana,55+,100169,2174954,4605.57
Louisiana,55+,111152,1519965,7312.8
Louisiana,55+,103429,Not Applicable,Not Applicable
Louisiana,55+,67965,Not Applicable,Not Applicable
Louisiana,55+,25280,Not Applicable,Not Applicable
Louisiana,55+,5380,Not Applicable,Not Applicable
Louisiana,N/A,26,Not Applicable,Not Applicable
Maine,0-24,1556,266586,583.68
Maine,0-24,254,1103732,23.01
Maine,0-24,191,1496327,12.76
Maine,0-24,240,1647454,14.57
Maine,0-24,953,1757652,54.22
Maine,0-24,1369,1543631,88.69
Maine,25-34,1516,1468779,103.21
Maine,25-34,1762,1543728,114.14
Maine,35-44,2387,1710493,139.55
Maine,35-44,3639,1902074,191.32
Maine,45-54,5901,2037570,289.61
Maine,45-54,9038,2059663,438.81
Maine,55+,12605,1902564,662.53
Maine,55+,16260,1619645,1003.92
Maine,55+,20300,1315532,1543.1
Maine,55+,25477,1027252,2480.11
Maine,55+,32557,800565,4066.75
Maine,55+,39748,587658,6763.8
Maine,55+,40894,Not Applicable,Not Applicable
Maine,55+,29957,Not Applicable,Not Applicable
Maine,55+,12043,Not Applicable,Not Applicable
Maine,55+,2578,Not Applicable,Not Applicable
Maryland,0-24,10784,1455859,740.73
Maryland,0-24,1554,5822091,26.69
Maryland,0-24,937,7415090,12.64
Maryland,0-24,1198,7769799,15.42
Maryland,0-24,4546,7783383,58.41
Maryland,0-24,8074,7444693,108.45
Maryland,25-34,8952,7640881,117.16
Maryland,25-34,9915,7783878,127.38
Maryland,35-44,13480,8158121,165.23
Maryland,35-44,19336,8522439,226.88
Maryland,45-54,28897,8641188,334.41
Maryland,45-54,40791,8288235,492.16
Maryland,55+,51468,7272137,707.74
Maryland,55+,60887,5842421,1042.15
Maryland,55+,70494,4511878,1562.41
Maryland,55+,84472,3435929,2458.49
Maryland,55+,104492,2648318,3945.6
Maryland,55+,124028,1920649,6457.61
Maryland,55+,124769,Not Applicable,Not Applicable
Maryland,55+,88916,Not Applicable,Not Applicable
Maryland,55+,35451,Not Applicable,Not Applicable
Maryland,55+,7477,Not Applicable,Not Applicable
Maryland,N/A,98,Not Applicable,Not Applicable
Massachusetts,0-24,6974,1490954,467.75
Massachusetts,0-24,1015,5998967,16.92
Massachusetts,0-24,711,7822478,9.09
Massachusetts,0-24,889,8275508,10.74
Massachusetts,0-24,3154,9032766,34.92
Massachusetts,0-24,6167,9135043,67.51
Massachusetts,25-34,7430,8967251,82.86
Massachusetts,25-34,8772,8871908,98.87
Massachusetts,35-44,11656,9118488,127.83
Massachusetts,35-44,17441,9544063,182.74
Massachusetts,45-54,26323,9738949,270.29
Massachusetts,45-54,37632,9389414,400.79
Massachusetts,55+,49588,8327757,595.45
Massachusetts,55+,60073,6800564,883.35
Massachusetts,55+,74230,5373006,1381.54
Massachusetts,55+,96224,4269227,2253.9
Massachusetts,55+,128615,3477993,3697.97
Massachusetts,55+,169089,2707371,6245.51
Massachusetts,55+,184823,Not Applicable,Not Applicable
Massachusetts,55+,140664,Not Applicable,Not Applicable
Massachusetts,55+,60160,Not Applicable,Not Applicable
Massachusetts,55+,13380,Not Applicable,Not Applicable
Massachusetts,N/A,21,Not Applicable,Not Applicable
Michigan,0-24,17952,2406799,745.89
Michigan,0-24,2725,9899599,27.53
Michigan,0-24,1790,13078195,13.69
Michigan,0-24,2407,13925284,17.29
Michigan,0-24,7895,14328488,55.1
Michigan,0-24,12690,13753930,92.26
Michigan,25-34,13936,12376663,112.6
Michigan,25-34,16336,12491744,130.77
Michigan,35-44,21559,13115461,164.38
Michigan,35-44,32857,13980274,235.02
Michigan,45-54,51213,14509735,352.96
Michigan,45-54,75152,14203062,529.13
Michigan,55+,98216,12823023,765.93
Michigan,55+,119239,10607878,1124.06
Michigan,55+,140244,8382453,1673.07
Michigan,55+,171605,6585920,2605.63
Michigan,55+,215830,5196701,4153.21
Michigan,55+,257820,3836554,6720.09
Michigan,55+,263508,Not Applicable,Not Applicable
Michigan,55+,185965,Not Applicable,Not Applicable
Michigan,55+,72758,Not Applicable,Not Applicable
Michigan,55+,14740,Not Applicable,Not Applicable
Michigan,N/A,22,Not Applicable,Not Applicable
Minnesota,0-24,7147,1377790,518.73
Minnesota,0-24,1255,5540555,22.65
Minnesota,0-24,857,7051289,12.15
Minnesota,0-24,1061,7277341,14.58
Minnesota,0-24,3361,7406058,45.38
Minnesota,0-24,4933,7102532,69.45
Minnesota,25-34,5004,6990029,71.59
Minnesota,25-34,5798,7093121,81.74
Minnesota,35-44,7727,7183585,107.56
Minnesota,35-44,11343,7430634,152.65
Minnesota,45-54,18052,7606903,237.31
Minnesota,45-54,26741,7356781,363.49
Minnesota,55+,35708,6499878,549.36
Minnesota,55+,44253,5267239,840.16
Minnesota,55+,53405,4091806,1305.17
Minnesota,55+,67841,3188850,2127.44
Minnesota,55+,88975,2555487,3481.72
Minnesota,55+,115617,1963109,5889.48
Minnesota,55+,131556,Not Applicable,Not Applicable
Minnesota,55+,104082,Not Applicable,Not Applicable
Minnesota,55+,46326,Not Applicable,Not Applicable
Minnesota,55+,10357,Not Applicable,Not Applicable
Minnesota,N/A,12,Not Applicable,Not Applicable
Mississippi,0-24,8069,808019,998.62
Mississippi,0-24,1556,3238073,48.05
Mississippi,0-24,859,4110933,20.9
Mississippi,0-24,1126,4243515,26.53
Mississippi,0-24,3687,4392915,83.93
Mississippi,0-24,5605,4353585,128.74
Mississippi,25-34,6131,3900444,157.19
Mississippi,25-34,7171,3772020,190.11
Mississippi,35-44,9499,3828009,248.14
Mississippi,35-44,13693,3926994,348.69
Mississippi,45-54,20249,3972827,509.69
Mississippi,45-54,29025,3868559,750.28
Mississippi,55+,37847,3512454,1077.51
Mississippi,55+,45478,2984702,1523.7
Mississippi,55+,52311,2443745,2140.61
Mississippi,55+,61005,1921852,3174.28
Mississippi,55+,70424,1460955,4820.41
Mississippi,55+,75989,1013930,7494.5
Mississippi,55+,70645,Not Applicable,Not Applicable
Mississippi,55+,47191,Not Applicable,Not Applicable
Mississippi,55+,18567,Not Applicable,Not Applicable
Mississippi,55+,4506,Not Applicable,Not Applicable
Mississippi,N/A,104,Not Applicable,Not Applicable
Missouri,0-24,10811,1506402,717.67
Missouri,0-24,1933,6046713,31.97
Missouri,0-24,1163,7735663,15.03
Missouri,0-24,1536,8040949,19.1
Missouri,0-24,6124,8249850,74.23
Missouri,0-24,8992,8211723,109.5
Missouri,25-34,9339,7741207,120.64
Missouri,25-34,10692,7599762,140.69
Missouri,35-44,14132,7739427,182.6
Missouri,35-44,20343,8047408,252.79
Missouri,45-54,31199,8270394,377.24
Missouri,45-54,45666,8121662,562.27
Missouri,55+,60284,7393218,815.4
Missouri,55+,75111,6235101,1204.65
Missouri,55+,89869,5087928,1766.32
Missouri,55+,110998,4061232,2733.11
Missouri,55+,137790,3207872,4295.37
Missouri,55+,161366,2339430,6897.66
Missouri,55+,161480,Not Applicable,Not Applicable
Missouri,55+,116966,Not Applicable,Not Applicable
Missouri,55+,47412,Not Applicable,Not Applicable
Missouri,55+,10058,Not Applicable,Not Applicable
Missouri,N/A,54,Not Applicable,Not Applicable
Montana,0-24,1434,236287,606.89
Montana,0-24,317,949096,33.4
Montana,0-24,225,1219644,18.45
Montana,0-24,294,1284617,22.89
Montana,0-24,1095,1363219,80.32
Montana,0-24,1531,1370467,111.71
Montana,25-34,1522,1176394,129.38
Montana,25-34,1650,1166499,141.45
Montana,35-44,2119,1185853,178.69
Montana,35-44,2979,1273890,233.85
Montana,45-54,4457,1381106,322.71
Montana,45-54,6769,1424900,475.05
Montana,55+,9180,1348610,680.7
Montana,55+,11375,1157890,982.39
Montana,55+,13637,928676,1468.43
Montana,55+,16997,713636,2381.75
Montana,55+,20935,542391,3859.76
Montana,55+,25631,397112,6454.35
Montana,55+,26783,Not Applicable,Not Applicable
Montana,55+,19999,Not Applicable,Not Applicable
Montana,55+,8122,Not Applicable,Not Applicable
Montana,55+,1620,Not Applicable,Not Applicable
Nebraska,0-24,3058,511829,597.47
Nebraska,0-24,578,2033879,28.42
Nebraska,0-24,355,2520651,14.08
Nebraska,0-24,447,2545894,17.56
Nebraska,0-24,1556,2636357,59.02
Nebraska,0-24,1989,2630864,75.6
Nebraska,25-34,1843,2371916,77.7
Nebraska,25-34,2202,2373095,92.79
Nebraska,35-44,2968,2339410,126.87
Nebraska,35-44,4446,2388394,186.15
Nebraska,45-54,6725,2452482,274.21
Nebraska,45-54,10094,2406501,419.45
Nebraska,55+,13733,2166095,634
Nebraska,55+,17454,1790166,974.99
Nebraska,55+,21578,1430314,1508.62
Nebraska,55+,27622,1153941,2393.71
Nebraska,55+,36403,951602,3825.44
Nebraska,55+,46513,735484,6324.13
Nebraska,55+,50677,Not Applicable,Not Applicable
Nebraska,55+,39904,Not Applicable,Not Applicable
Nebraska,55+,17589,Not Applicable,Not Applicable
Nebraska,55+,4041,Not Applicable,Not Applicable
Nevada,0-24,4133,702674,588.18
Nevada,0-24,851,2800268,30.39
Nevada,0-24,441,3476400,12.69
Nevada,0-24,607,3487950,17.4
Nevada,0-24,2104,3277523,64.19
Nevada,0-24,3446,3369870,102.26
Nevada,25-34,3935,3764659,104.52
Nevada,25-34,4597,3735865,123.05
Nevada,35-44,6223,3719937,167.29
Nevada,35-44,9096,3685554,246.8
Nevada,45-54,13373,3589128,372.6
Nevada,45-54,19083,3410820,559.48
Nevada,55+,25312,3130065,808.67
Nevada,55+,32462,2729025,1189.51
Nevada,55+,38787,2253033,1721.55
Nevada,55+,44863,1705582,2630.36
Nevada,55+,50376,1197621,4206.34
Nevada,55+,51870,752107,6896.63
Nevada,55+,44877,Not Applicable,Not Applicable
Nevada,55+,27277,Not Applicable,Not Applicable
Nevada,55+,9287,Not Applicable,Not Applicable
Nevada,55+,1568,Not Applicable,Not Applicable
Nevada,N/A,86,Not Applicable,Not Applicable
New Hampshire,0-24,1268,271937,466.28
New Hampshire,0-24,220,1140427,19.29
New Hampshire,0-24,145,1564039,9.27
New Hampshire,0-24,217,1731503,12.53
New Hampshire,0-24,737,1828462,40.31
New Hampshire,0-24,1361,1652761,82.35
New Hampshire,25-34,1471,1469485,100.1
New Hampshire,25-34,1663,1583635,105.01
New Hampshire,35-44,2206,1769925,124.64
New Hampshire,35-44,3428,1983257,172.85
New Hampshire,45-54,5347,2092494,255.53
New Hampshire,45-54,7937,2051607,386.87
New Hampshire,55+,10727,1824429,587.96
New Hampshire,55+,13217,1476912,894.91
New Hampshire,55+,16187,1147875,1410.17
New Hampshire,55+,20048,863868,2320.72
New Hampshire,55+,25310,657123,3851.64
New Hampshire,55+,31334,484900,6461.95
New Hampshire,55+,33468,Not Applicable,Not Applicable
New Hampshire,55+,24633,Not Applicable,Not Applicable
New Hampshire,55+,10176,Not Applicable,Not Applicable
New Hampshire,55+,2178,Not Applicable,Not Applicable
New Jersey,0-24,11409,2144461,532.02
New Jersey,0-24,1733,8762998,19.78
New Jersey,0-24,1112,11325738,9.82
New Jersey,0-24,1428,11796656,12.11
New Jersey,0-24,4547,11455442,39.69
New Jersey,0-24,9117,10605063,85.97
New Jersey,25-34,10516,11042724,95.23
New Jersey,25-34,12379,11719044,105.63
New Jersey,35-44,16700,12557002,132.99
New Jersey,35-44,25078,13206266,189.89
New Jersey,45-54,37781,13241202,285.33
New Jersey,45-54,53723,12578994,427.09
New Jersey,55+,69454,11039357,629.15
New Jersey,55+,84376,8951843,942.55
New Jersey,55+,102094,7078513,1442.31
New Jersey,55+,130998,5670894,2310.01
New Jersey,55+,172901,4588367,3768.25
New Jersey,55+,216748,3477924,6232.11
New Jersey,55+,230443,Not Applicable,Not Applicable
New Jersey,55+,167415,Not Applicable,Not Applicable
New Jersey,55+,67969,Not Applicable,Not Applicable
New Jersey,55+,14105,Not Applicable,Not Applicable
New Jersey,N/A,161,Not Applicable,Not Applicable
New Mexico,0-24,3251,547267,594.04
New Mexico,0-24,763,2182612,34.96
New Mexico,0-24,395,2751507,14.36
New Mexico,0-24,624,2856391,21.85
New Mexico,0-24,2319,2911633,79.65
New Mexico,0-24,3688,2819736,130.79
New Mexico,25-34,4000,2642347,151.38
New Mexico,25-34,4733,2522657,187.62
New Mexico,35-44,5824,2532219,230
New Mexico,35-44,7958,2607266,305.22
New Mexico,45-54,10955,2682663,408.36
New Mexico,45-54,14714,2675524,549.95
New Mexico,55+,18221,2477795,735.37
New Mexico,55+,21754,2126285,1023.1
New Mexico,55+,25568,1747397,1463.2
New Mexico,55+,30482,1352193,2254.26
New Mexico,55+,36768,1014693,3623.56
New Mexico,55+,42630,702219,6070.76
New Mexico,55+,41775,Not Applicable,Not Applicable
New Mexico,55+,29044,Not Applicable,Not Applicable
New Mexico,55+,11451,Not Applicable,Not Applicable
New Mexico,55+,2295,Not Applicable,Not Applicable
New Mexico,N/A,81,Not Applicable,Not Applicable
New York,0-24,26390,4794836,550.38
New York,0-24,4184,18836566,22.21
New York,0-24,2705,23886054,11.32
New York,0-24,3328,24974081,13.33
New York,0-24,10354,26179004,39.55
New York,0-24,18683,27054715,69.06
New York,25-34,21020,27589652,76.19
New York,25-34,24679,26950942,91.57
New York,35-44,34283,27072861,126.63
New York,35-44,51988,27675087,187.85
New York,45-54,80160,27820257,288.14
New York,45-54,116706,26871670,434.31
New York,55+,152953,23945513,638.75
New York,55+,188272,19827499,949.55
New York,55+,225812,15786802,1430.38
New York,55+,281441,12566437,2239.62
New York,55+,360193,10072864,3575.87
New York,55+,442153,7576670,5835.72
New York,55+,468762,Not Applicable,Not Applicable
New York,55+,353222,Not Applicable,Not Applicable
New York,55+,151187,Not Applicable,Not Applicable
New York,55+,35276,Not Applicable,Not Applicable
New York,N/A,368,Not Applicable,Not Applicable
North Carolina,0-24,19074,2399639,794.87
North Carolina,0-24,2775,9558486,29.03
North Carolina,0-24,1754,12095298,14.5
North Carolina,0-24,2172,12352343,17.58
North Carolina,0-24,7664,12530637,61.16
North Carolina,0-24,12956,12919089,100.29
North Carolina,25-34,13923,12449452,111.84
North Carolina,25-34,16130,12572726,128.29
North Carolina,35-44,21797,12927539,168.61
North Carolina,35-44,31868,13219669,241.07
North Carolina,45-54,47984,13139077,365.2
North Carolina,45-54,69637,12559339,554.46
North Carolina,55+,91659,11381088,805.36
North Carolina,55+,113754,9715505,1170.85
North Carolina,55+,137424,7973719,1723.46
North Carolina,55+,163489,6160601,2653.78
North Carolina,55+,193811,4607790,4206.16
North Carolina,55+,219497,3199614,6860.11
North Carolina,55+,210571,Not Applicable,Not Applicable
North Carolina,55+,142551,Not Applicable,Not Applicable
North Carolina,55+,54111,Not Applicable,Not Applicable
North Carolina,55+,11311,Not Applicable,Not Applicable
North Carolina,N/A,143,Not Applicable,Not Applicable
North Dakota,0-24,1175,180960,649.31
North Dakota,0-24,173,708208,24.43
North Dakota,0-24,119,859584,13.84
North Dakota,0-24,153,869901,17.59
North Dakota,0-24,648,1004540,64.51
North Dakota,0-24,939,1221821,76.85
North Dakota,25-34,924,933483,98.98
North Dakota,25-34,998,867110,115.09
North Dakota,35-44,1191,830523,143.4
North Dakota,35-44,1723,859366,200.5
North Dakota,45-54,2605,909536,286.41
North Dakota,45-54,3734,914786,408.18
North Dakota,55+,5040,831424,606.19
North Dakota,55+,6418,683953,938.37
North Dakota,55+,7946,543462,1462.11
North Dakota,55+,10081,444242,2269.26
North Dakota,55+,13394,374005,3581.24
North Dakota,55+,17637,299948,5880.02
North Dakota,55+,19810,Not Applicable,Not Applicable
North Dakota,55+,16191,Not Applicable,Not Applicable
North Dakota,55+,7622,Not Applicable,Not Applicable
North Dakota,55+,1715,Not Applicable,Not Applicable
Ohio,0-24,22006,2847963,772.69
Ohio,0-24,3415,11573377,29.51
Ohio,0-24,1956,15059485,12.99
Ohio,0-24,2525,15785214,16
Ohio,0-24,8631,16116811,53.55
Ohio,0-24,14190,15320314,92.62
Ohio,25-34,16346,14753293,110.8
Ohio,25-34,19887,14497084,137.18
Ohio,35-44,25790,15124005,170.52
Ohio,35-44,38997,16021946,243.4
Ohio,45-54,60379,16605216,363.61
Ohio,45-54,89276,16336678,546.48
Ohio,55+,118324,14767603,801.24
Ohio,55+,146414,12320189,1188.41
Ohio,55+,175938,9838208,1788.31
Ohio,55+,218455,7853848,2781.5
Ohio,55+,277004,6331388,4375.09
Ohio,55+,330327,4691440,7041.06
Ohio,55+,330870,Not Applicable,Not Applicable
Ohio,55+,229099,Not Applicable,Not Applicable
Ohio,55+,87990,Not Applicable,Not Applicable
Ohio,55+,17395,Not Applicable,Not Applicable
Oklahoma,0-24,8064,1024449,787.15
Oklahoma,0-24,1638,4060670,40.34
Oklahoma,0-24,938,5065963,18.52
Oklahoma,0-24,1112,5118851,21.72
Oklahoma,0-24,3989,5264582,75.77
Oklahoma,0-24,5856,5457300,107.31
Oklahoma,25-34,6478,5015647,129.16
Oklahoma,25-34,7618,4833066,157.62
Oklahoma,35-44,10043,4777141,210.23
Oklahoma,35-44,14762,4873837,302.88
Oklahoma,45-54,22508,4951914,454.53
Oklahoma,45-54,32792,4872801,672.96
Oklahoma,55+,44098,4477699,984.84
Oklahoma,55+,53837,3818842,1409.77
Oklahoma,55+,62946,3149120,1998.84
Oklahoma,55+,75366,2509430,3003.31
Oklahoma,55+,90458,1947880,4643.92
Oklahoma,55+,101872,1373715,7415.8
Oklahoma,55+,97019,Not Applicable,Not Applicable
Oklahoma,55+,66326,Not Applicable,Not Applicable
Oklahoma,55+,25114,Not Applicable,Not Applicable
Oklahoma,55+,5068,Not Applicable,Not Applicable
Oklahoma,N/A,24,Not Applicable,Not Applicable
Oregon,0-24,4815,916254,525.51
Oregon,0-24,908,3691369,24.6
Oregon,0-24,578,4707763,12.28
Oregon,0-24,773,4866365,15.88
Oregon,0-24,2415,4988557,48.41
Oregon,0-24,3977,5079651,78.29
Oregon,25-34,4227,5150224,82.07
Oregon,25-34,4988,5182125,96.25
Oregon,35-44,6908,5136502,134.49
Oregon,35-44,10035,5181224,193.68
Oregon,45-54,16254,5293395,307.06
Oregon,45-54,24442,5265244,464.21
Oregon,55+,33246,4912646,676.74
Oregon,55+,42380,4221215,1003.98
Oregon,55+,50367,3381274,1489.59
Oregon,55+,60699,2577585,2354.88
Oregon,55+,76157,1977424,3851.32
Oregon,55+,93729,1465648,6395.06
Oregon,55+,100130,Not Applicable,Not Applicable
Oregon,55+,75251,Not Applicable,Not Applicable
Oregon,55+,30484,Not Applicable,Not Applicable
Oregon,55+,6000,Not Applicable,Not Applicable
Oregon,N/A,11,Not Applicable,Not Applicable
Pennsylvania,0-24,19936,2846803,700.29
Pennsylvania,0-24,2977,11564735,25.74
Pennsylvania,0-24,1917,15177919,12.63
Pennsylvania,0-24,2430,16249900,14.95
Pennsylvania,0-24,9472,17401188,54.43
Pennsylvania,0-24,17279,16582707,104.2
Pennsylvania,25-34,18288,15645490,116.89
Pennsylvania,25-34,20381,15465460,131.78
Pennsylvania,35-44,26462,16243813,162.91
Pennsylvania,35-44,39471,17514279,225.36
Pennsylvania,45-54,60980,18355535,332.22
Pennsylvania,45-54,89778,18114246,495.62
Pennsylvania,55+,119999,16485708,727.9
Pennsylvania,55+,150447,13857921,1085.64
Pennsylvania,55+,184615,11285972,1635.79
Pennsylvania,55+,239291,9321230,2567.16
Pennsylvania,55+,317948,7783843,4084.72
Pennsylvania,55+,401691,6012773,6680.63
Pennsylvania,55+,422121,Not Applicable,Not Applicable
Pennsylvania,55+,299549,Not Applicable,Not Applicable
Pennsylvania,55+,116082,Not Applicable,Not Applicable
Pennsylvania,55+,22798,Not Applicable,Not Applicable
Pennsylvania,N/A,329,Not Applicable,Not Applicable
Rhode Island,0-24,1454,231668,627.62
Rhode Island,0-24,168,945344,17.77
Rhode Island,0-24,134,1247193,10.74
Rhode Island,0-24,169,1325307,12.75
Rhode Island,0-24,557,1547345,36
Rhode Island,0-24,971,1576532,61.59
Rhode Island,25-34,1115,1368030,81.5
Rhode Island,25-34,1322,1338848,98.74
Rhode Island,35-44,1899,1408756,134.8
Rhode Island,35-44,2967,1497591,198.12
Rhode Island,45-54,4670,1549793,301.33
Rhode Island,45-54,6503,1508309,431.15
Rhode Island,55+,8912,1347074,661.58
Rhode Island,55+,10692,1103512,968.91
Rhode Island,55+,12862,870142,1478.15
Rhode Island,55+,16707,703491,2374.87
Rhode Island,55+,22673,592972,3823.62
Rhode Island,55+,29881,476803,6266.95
Rhode Island,55+,33840,Not Applicable,Not Applicable
Rhode Island,55+,25894,Not Applicable,Not Applicable
Rhode Island,55+,10843,Not Applicable,Not Applicable
Rhode Island,55+,2323,Not Applicable,Not Applicable
Rhode Island,N/A,21,Not Applicable,Not Applicable
South Carolina,0-24,9219,1151479,800.62
South Carolina,0-24,1521,4578085,33.22
South Carolina,0-24,936,5832442,16.05
South Carolina,0-24,1201,6014421,19.97
South Carolina,0-24,4463,6291807,70.93
South Carolina,0-24,7263,6419111,113.15
South Carolina,25-34,7865,6039047,130.24
South Carolina,25-34,9237,5838834,158.2
South Carolina,35-44,12171,5989127,203.22
South Carolina,35-44,18273,6182423,295.56
South Carolina,45-54,27572,6289862,438.36
South Carolina,45-54,40159,6181664,649.65
South Carolina,55+,52938,5736817,922.78
South Carolina,55+,64792,5039149,1285.77
South Carolina,55+,75902,4232594,1793.27
South Carolina,55+,87115,3229322,2697.63
South Carolina,55+,100950,2345408,4304.16
South Carolina,55+,110344,1572101,7018.89
South Carolina,55+,102396,Not Applicable,Not Applicable
South Carolina,55+,67625,Not Applicable,Not Applicable
South Carolina,55+,25442,Not Applicable,Not Applicable
South Carolina,55+,5258,Not Applicable,Not Applicable
South Carolina,N/A,69,Not Applicable,Not Applicable
South Dakota,0-24,1617,228773,706.81
South Dakota,0-24,326,905384,36.01
South Dakota,0-24,228,1116798,20.42
South Dakota,0-24,303,1129502,26.83
South Dakota,0-24,949,1186888,79.96
South Dakota,0-24,1136,1164997,97.51
South Dakota,25-34,1086,1028884,105.55
South Dakota,25-34,1244,997812,124.67
South Dakota,35-44,1575,994166,158.42
South Dakota,35-44,2200,1032540,213.07
South Dakota,45-54,3395,1081201,314
South Dakota,45-54,4729,1080530,437.66
South Dakota,55+,6418,989057,648.9
South Dakota,55+,8013,837070,957.27
South Dakota,55+,9847,674196,1460.55
South Dakota,55+,12346,539989,2286.34
South Dakota,55+,16170,445969,3625.81
South Dakota,55+,20941,350419,5975.99
South Dakota,55+,22864,Not Applicable,Not Applicable
South Dakota,55+,18508,Not Applicable,Not Applicable
South Dakota,55+,8598,Not Applicable,Not Applicable
South Dakota,55+,2165,Not Applicable,Not Applicable
Tennessee,0-24,12912,1582687,815.83
Tennessee,0-24,2104,6341370,33.18
Tennessee,0-24,1201,8084921,14.85
Tennessee,0-24,1626,8312025,19.56
Tennessee,0-24,6066,8342826,72.71
Tennessee,0-24,9658,8545729,113.02
Tennessee,25-34,10979,8428330,130.26
Tennessee,25-34,13265,8284674,160.11
Tennessee,35-44,18015,8515405,211.56
Tennessee,35-44,26575,8774865,302.85
Tennessee,45-54,39948,8868223,450.46
Tennessee,45-54,57067,8631852,661.12
Tennessee,55+,75047,7870909,953.47
Tennessee,55+,90840,6739049,1347.96
Tennessee,55+,107382,5519230,1945.6
Tennessee,55+,124803,4252140,2935.06
Tennessee,55+,145710,3186871,4572.2
Tennessee,55+,161842,2201002,7353.11
Tennessee,55+,154366,Not Applicable,Not Applicable
Tennessee,55+,102514,Not Applicable,Not Applicable
Tennessee,55+,38302,Not Applicable,Not Applicable
Tennessee,55+,7676,Not Applicable,Not Applicable
Tennessee,N/A,48,Not Applicable,Not Applicable
Texas,0-24,46408,7563573,613.57
Texas,0-24,9198,29821643,30.84
Texas,0-24,5149,36732245,14.02
Texas,0-24,6334,36986995,17.12
Texas,0-24,21168,36456548,58.06
Texas,0-24,33346,36224551,92.05
Texas,25-34,34955,36140031,96.72
Texas,25-34,39785,35541680,111.94
Texas,35-44,51557,35068895,147.02
Texas,35-44,75139,34675393,216.69
Texas,45-54,110973,33356949,332.68
Texas,45-54,157420,30890210,509.61
Texas,55+,205051,26820823,764.52
Texas,55+,245136,21678342,1130.79
Texas,55+,280649,17033728,1647.61
Texas,55+,331340,12996760,2549.4
Texas,55+,397001,9739185,4076.33
Texas,55+,449139,6770910,6633.36
Texas,55+,433681,Not Applicable,Not Applicable
Texas,55+,296971,Not Applicable,Not Applicable
Texas,55+,114891,Not Applicable,Not Applicable
Texas,55+,23934,Not Applicable,Not Applicable
Texas,N/A,319,Not Applicable,Not Applicable
Utah,0-24,5203,992968,523.98
Utah,0-24,1012,3863601,26.19
Utah,0-24,575,4643232,12.38
Utah,0-24,722,4453723,16.21
Utah,0-24,2365,4430239,53.38
Utah,0-24,3651,4788838,76.24
Utah,25-34,4047,4218849,95.93
Utah,25-34,4567,3921094,116.47
Utah,35-44,5187,3562466,145.6
Utah,35-44,6413,3243901,197.69
Utah,45-54,8691,3012891,288.46
Utah,45-54,11304,2779292,406.72
Utah,55+,14411,2452410,587.63
Utah,55+,17508,2010275,870.93
Utah,55+,20348,1581775,1286.4
Utah,55+,25653,1219193,2104.1
Utah,55+,33328,933079,3571.83
Utah,55+,42550,668905,6361.14
Utah,55+,44785,Not Applicable,Not Applicable
Utah,55+,31584,Not Applicable,Not Applicable
Utah,55+,11230,Not Applicable,Not Applicable
Utah,55+,1737,Not Applicable,Not Applicable
Utah,N/A,28,Not Applicable,Not Applicable
Vermont,0-24,625,123006,508.11
Vermont,0-24,96,515365,18.63
Vermont,0-24,74,705307,10.49
Vermont,0-24,117,789963,14.81
Vermont,0-24,430,921879,46.64
Vermont,0-24,664,868028,76.5
Vermont,25-34,686,685833,100.02
Vermont,25-34,743,730297,101.74
Vermont,35-44,1011,793781,127.37
Vermont,35-44,1563,882760,177.06
Vermont,45-54,2537,955503,265.51
Vermont,45-54,3773,969568,389.14
Vermont,55+,5086,893838,569.01
Vermont,55+,6594,743184,887.26
Vermont,55+,8162,580985,1404.86
Vermont,55+,10229,440963,2319.7
Vermont,55+,12918,334676,3859.85
Vermont,55+,15764,247074,6380.27
Vermont,55+,16789,Not Applicable,Not Applicable
Vermont,55+,12911,Not Applicable,Not Applicable
Vermont,55+,5566,Not Applicable,Not Applicable
Vermont,55+,1137,Not Applicable,Not Applicable
Virginia,0-24,13937,2004783,695.19
Virginia,0-24,1997,7968367,25.06
Virginia,0-24,1207,10010463,12.06
Virginia,0-24,1509,10300960,14.65
Virginia,0-24,5487,10620680,51.66
Virginia,0-24,9162,11136479,82.27
Virginia,25-34,9761,10854105,89.93
Virginia,25-34,11097,10925780,101.57
Virginia,35-44,15278,11228607,136.06
Virginia,35-44,22998,11513287,199.75
Virginia,45-54,34816,11579144,300.68
Virginia,45-54,51492,11103333,463.75
Virginia,55+,68165,9824460,693.83
Virginia,55+,83747,8037546,1041.95
Virginia,55+,100284,6332883,1583.54
Virginia,55+,120954,4838955,2499.59
Virginia,55+,146807,3644536,4028.14
Virginia,55+,171238,2559821,6689.45
Virginia,55+,168074,Not Applicable,Not Applicable
Virginia,55+,116312,Not Applicable,Not Applicable
Virginia,55+,45395,Not Applicable,Not Applicable
Virginia,55+,9361,Not Applicable,Not Applicable
Virginia,N/A,57,Not Applicable,Not Applicable
Washington,0-24,8414,1711434,491.63
Washington,0-24,1485,6809951,21.81
Washington,0-24,956,8603413,11.11
Washington,0-24,1204,8818523,13.65
Washington,0-24,4426,8906819,49.69
Washington,0-24,6996,9142801,76.52
Washington,25-34,7388,9381030,78.75
Washington,25-34,8618,9328964,92.38
Washington,35-44,11197,9344239,119.83
Washington,35-44,16768,9452207,177.4
Washington,45-54,26094,9532818,273.73
Washington,45-54,38802,9232219,420.29
Washington,55+,51850,8337565,621.88
Washington,55+,64685,6880267,940.15
Washington,55+,75953,5345266,1420.94
Washington,55+,91187,3988591,2286.2
Washington,55+,112821,3019672,3736.2
Washington,55+,138813,2218107,6258.17
Washington,55+,146859,Not Applicable,Not Applicable
Washington,55+,110378,Not Applicable,Not Applicable
Washington,55+,45255,Not Applicable,Not Applicable
Washington,55+,9390,Not Applicable,Not Applicable
Washington,N/A,21,Not Applicable,Not Applicable
West Virginia,0-24,3059,409576,746.87
West Virginia,0-24,545,1637318,33.29
West Virginia,0-24,368,2104813,17.48
West Virginia,0-24,464,2210912,20.99
West Virginia,0-24,1676,2350279,71.31
West Virginia,0-24,2890,2409539,119.94
West Virginia,25-34,3322,2196517,151.24
West Virginia,25-34,4318,2226414,193.94
West Virginia,35-44,5782,2345036,246.56
West Virginia,35-44,8396,2504075,335.29
West Virginia,45-54,12267,2642866,464.16
West Virginia,45-54,17969,2699905,665.54
West Virginia,55+,24415,2549563,957.62
West Virginia,55+,30925,2247567,1375.93
West Virginia,55+,37873,1871333,2023.85
West Virginia,55+,45959,1491427,3081.55
West Virginia,55+,56126,1166777,4810.35
West Virginia,55+,62651,823544,7607.49
West Virginia,55+,59080,Not Applicable,Not Applicable
West Virginia,55+,38131,Not Applicable,Not Applicable
West Virginia,55+,14021,Not Applicable,Not Applicable
West Virginia,55+,2807,Not Applicable,Not Applicable
Wisconsin,0-24,8716,1369598,636.39
Wisconsin,0-24,1410,5560951,25.36
Wisconsin,0-24,892,7281785,12.25
Wisconsin,0-24,1196,7684208,15.56
Wisconsin,0-24,4305,8011664,53.73
Wisconsin,0-24,6439,7790097,82.66
Wisconsin,25-34,6541,6996318,93.49
Wisconsin,25-34,7227,7195630,100.44
Wisconsin,35-44,9684,7460512,129.8
Wisconsin,35-44,14315,7892727,181.37
Wisconsin,45-54,22611,8198846,275.78
Wisconsin,45-54,33079,8026523,412.12
Wisconsin,55+,44856,7160537,626.43
Wisconsin,55+,55843,5882461,949.31
Wisconsin,55+,68069,4658015,1461.33
Wisconsin,55+,86603,3685096,2350.09
Wisconsin,55+,112193,2969150,3778.62
Wisconsin,55+,143006,2266019,6310.89
Wisconsin,55+,156597,Not Applicable,Not Applicable
Wisconsin,55+,119207,Not Applicable,Not Applicable
Wisconsin,55+,50394,Not Applicable,Not Applicable
Wisconsin,55+,10811,Not Applicable,Not Applicable
Wyoming,0-24,893,144105,619.69
Wyoming,0-24,192,572634,33.53
Wyoming,0-24,133,721553,18.43
Wyoming,0-24,144,737092,19.54
Wyoming,0-24,620,774692,80.03
Wyoming,0-24,926,792076,116.91
Wyoming,25-34,945,725866,130.19
Wyoming,25-34,1023,699680,146.21
Wyoming,35-44,1280,689463,185.65
Wyoming,35-44,1759,719575,244.45
Wyoming,45-54,2655,769429,345.06
Wyoming,45-54,3822,783535,487.79
Wyoming,55+,4795,726170,660.31
Wyoming,55+,6058,601410,1007.3
Wyoming,55+,7178,461019,1556.99
Wyoming,55+,8496,345586,2458.43
Wyoming,55+,10255,257954,3975.52
Wyoming,55+,11947,182713,6538.67
Wyoming,55+,11742,Not Applicable,Not Applicable
Wyoming,55+,8402,Not Applicable,Not Applicable
Wyoming,55+,3325,Not Applicable,Not Applicable
Wyoming,55+,712,Not Applicable,Not Applicable
